scenario,trial,first_algorithm,algorithm,seconds,nodes,input_edges,queries,repeats,seed,expansions,verified_routes
bundled,1,dijkstra,dijkstra,0.0137255999725312,7,42,100,3,2026,897,300
bundled,1,dijkstra,astar,0.012445800006389618,7,42,100,3,2026,585,300
bundled,2,astar,astar,0.021666300017386675,7,42,100,3,2026,585,300
bundled,2,astar,dijkstra,0.02109950000885874,7,42,100,3,2026,897,300
bundled,3,dijkstra,dijkstra,0.02028589998371899,7,42,100,3,2026,897,300
bundled,3,dijkstra,astar,0.015050999936647713,7,42,100,3,2026,585,300
bundled,4,astar,astar,0.015901200007647276,7,42,100,3,2026,585,300
bundled,4,astar,dijkstra,0.01563870010431856,7,42,100,3,2026,897,300
bundled,5,dijkstra,dijkstra,0.013116299989633262,7,42,100,3,2026,897,300
bundled,5,dijkstra,astar,0.014051900012418628,7,42,100,3,2026,585,300
bundled,6,astar,astar,0.020605799974873662,7,42,100,3,2026,585,300
bundled,6,astar,dijkstra,0.017982700024731457,7,42,100,3,2026,897,300
bundled,7,dijkstra,dijkstra,0.010385900037363172,7,42,100,3,2026,897,300
bundled,7,dijkstra,astar,0.012153099989518523,7,42,100,3,2026,585,300
bundled,8,astar,astar,0.010604299954138696,7,42,100,3,2026,585,300
bundled,8,astar,dijkstra,0.011102500022388995,7,42,100,3,2026,897,300
bundled,9,dijkstra,dijkstra,0.011875999975018203,7,42,100,3,2026,897,300
bundled,9,dijkstra,astar,0.008735000039450824,7,42,100,3,2026,585,300
grid,1,dijkstra,dijkstra,0.08997520001139492,64,112,100,3,2026,9207,300
grid,1,dijkstra,astar,0.06766330008395016,64,112,100,3,2026,5517,300
grid,2,astar,astar,0.07735809998121113,64,112,100,3,2026,5517,300
grid,2,astar,dijkstra,0.047348199994303286,64,112,100,3,2026,9207,300
grid,3,dijkstra,dijkstra,0.048968100105412304,64,112,100,3,2026,9207,300
grid,3,dijkstra,astar,0.04791169997770339,64,112,100,3,2026,5517,300
grid,4,astar,astar,0.0435235999757424,64,112,100,3,2026,5517,300
grid,4,astar,dijkstra,0.04732570005580783,64,112,100,3,2026,9207,300
grid,5,dijkstra,dijkstra,0.04100739990826696,64,112,100,3,2026,9207,300
grid,5,dijkstra,astar,0.04412199999205768,64,112,100,3,2026,5517,300
grid,6,astar,astar,0.04675330000463873,64,112,100,3,2026,5517,300
grid,6,astar,dijkstra,0.043650400009937584,64,112,100,3,2026,9207,300
grid,7,dijkstra,dijkstra,0.059293000027537346,64,112,100,3,2026,9207,300
grid,7,dijkstra,astar,0.06009529996663332,64,112,100,3,2026,5517,300
grid,8,astar,astar,0.07255719997920096,64,112,100,3,2026,5517,300
grid,8,astar,dijkstra,0.060989500023424625,64,112,100,3,2026,9207,300
grid,9,dijkstra,dijkstra,0.04104439995717257,64,112,100,3,2026,9207,300
grid,9,dijkstra,astar,0.044207500061020255,64,112,100,3,2026,5517,300
